Location,Repository,PAFF,ORNPGLK,PROTO
Pärnu highway,AI,3,6,26
Pärnu highway,AI,1,1,4
Pärnu highway,AI,0,1,0
Roosikrantsi,AI,0,3,5
Roosikrantsi,AI,3,7,3
Roosikrantsi,AI,0,1,5
Roosikrantsi,AI,0,0,2
Sakala-Tatari,AI,0,1,0
Sakala-Tatari,AI,0,0,3
Sakala-Tatari,AI,0,1,7
Vabaduse väljak,AI,5,5,10
Vabaduse väljak,AI,1,0,6
Tartu highway,AI,1,5,11
Tartu highway,AI,0,0,1
Tartu highway,AI,1,0,1
Pääsukese street ,AI,0,0,3
St. John's almshouse,AI,0,26,63
St. John's almshouse,AI,0,0,1
St. John's almshouse,AI,5,18,60
Maakri,AI,0,0,1